URL,Product Name,Keywords
"https://7bonkers.com","TIMEKEEPER TRIO OFFER","watch offer, buy 2 get 1 free, watch collection"
"https://7bonkers.com","Breathe Qooes™ Mullein Relaxation Stick","breathing aid, mullein relaxation stick, lung soother"
"https://7bonkers.com","Acid Turmeric Night Wrapping Mask","turmeric mask, night wrapping mask, skin care"
"https://7bonkers.com","Bee Venom All-in-One Cream","bee venom cream, all-in-one cream, dermatologist approved"
"https://7bonkers.com","Collagen Night Wrapping Mask","collagen mask, night wrapping mask, skin care"
"https://7bonkers.com","7BONKERS Hummingbird Christmas Ornament","hummingbird ornament, christmas ornament, holiday decoration"
"https://acegolfs.com","Wildlife Party Golf Sweatshirt","Golf Sweatshirts, Wildlife, Party"
"https://acegolfs.com","26.5 Inch Drawstring Ankle Pants (Wildlife Party)","Ankle Pants, 26.5 Inch, Wildlife, Drawstring"
"https://acegolfs.com","Sale More Than Basic Ruffle V-Neck Polo Top UPF50+","Ruffle V-Neck Polo Top, UPF50+"
"https://acegolfs.com","UltraSoft Stretch Hidden Drawstring Cuff Pants","UltraSoft, Stretch, Hidden Drawstring Cuff Pants"
"https://acegolfs.com","Navycore Long Sleeve Golf Shirt Quarterzip UPF50+","Long Sleeve, Golf Shirt, Quarterzip, Navycore, UPF50+"
"https://artisancutlery.net","Artisan Cutlery Beest ATZ-1878P AR-RPM9 Blade Aluminum Handle Folding Knives Purple","Folding Knives, Artisan Cutlery, Beest ATZ-1878P, AR-RPM9, Aluminum Handle, Purple"
"https://artisancutlery.net","Artisan Cutlery Beest ATZ-1878P AR-RPM9 Blade Brass Handle Folding Knives Brass","Folding Knives, Artisan Cutlery, Beest ATZ-1878P, AR-RPM9, Brass Handle"
"https://artisancutlery.net","Artisan Cutlery Keras ATZ-1880G S35VN Blade Titanium Handle Folding Knives","Folding Knives, Artisan Cutlery, Keras ATZ-1880G, S35VN, Titanium Handle"
"https://artisancutlery.net","ArtisanCutlery M14-V1 ATZ-1886G S35VN Blade Titanium and Carbon Fiber Handle Folding Knives(PROTOTYPE)","Folding Knives, ArtisanCutlery M14-V1, ATZ-1886G, S35VN, Titanium, Carbon Fiber"
"https://artisancutlery.net","ArtisanCutlery Fragarach ATZ-1879G S90V Blade Titanium Handle Folding Knives Black PVD Coating + Sidecut Sand Polish + Dark Matter Polar Black PVD Coating + Dark Matter Polar","Folding Knives, ArtisanCutlery, Fragarach ATZ-1879G, S90V, Titanium Handle, Black PVD Coating, Sidecut Sand Polish, Dark Matter Polar"
"https://audienhearing.com","Phonak Bolero B-R","Phonak, Bolero, B-R, hearing aid"
"https://audienhearing.com","Signia Styletto 7X","Signia, Styletto, 7X, hearing aid"
"https://audienhearing.com","Oticon Opn S Mini RITE","Oticon, Opn S, Mini RITE, hearing aid"
"https://audienhearing.com","Starkey Livio AI Rechargeable","Starkey, Livio AI, Rechargeable, hearing aid"
"https://audienhearing.com","Resound LiNX Quattro","Resound, LiNX Quattro, hearing aid"
"https://beecoolbikes.com","Bee Defender Series","electric bike, super frame, 1000W Peaking Motor"
"https://beecoolbikes.com","Bee Cool First Super Frame Project Ebikes","electric bike, super frame, project ebike"
"https://beecoolbikes.com","Bee Zipper Power Meets Durability on Three Wheels","electric trike, three wheels, durability"
"https://beecoolbikes.com","Bee Pathfinder Step-Thru","electric bike, step-thru, full suspension"
"https://beecoolbikes.com","Bee Adventurer","electric bike, all-round, full suspension"
"https://bugmd.com","Essential Pest Control Multi-Insect Killer Concentrate","ants, roaches, bed bugs, pests, concentrate"
"https://bugmd.com","Vamoose Rodent Repellent Pouches","mice, rats, rodents, repellent, pouches"
"https://bugmd.com","Squito Stickers Citronella Repellent Stickers","mosquitoes, citronella, stickers, repellent"
"https://bugmd.com","Flea and Tick FLEA TICK","fleas, ticks, control, essential oil spray for dogs"
"https://bugmd.com","No Buzz Zone FLIES GNATS","flies, gnats, repellent, flying insect trap"
"https://carerspk.com","Men's Incontinence Trunks - M67","men, incontinence, trunks"
"https://carerspk.com","Men's Washable Incontinence Briefs with Fly - M65","men, washable, incontinence, briefs, fly"
"https://carerspk.com","Leak Proof Nighttime Washable Incontinence Underpants - M75","leak proof, nighttime, washable, incontinence, underpants"
"https://carerspk.com","Reusable Incontinence Boxer Briefs with Pouch - M74","reusable, incontinence, boxer briefs, pouch"
"https://carerspk.com","Leakproof Underwear for Women - P32","leakproof, underwear, women"
"https://clarifion.com","Clarifion Air Ionizer","air ionizer, air device, home air purifier"
"https://clarifion.com","Clarifion DSTx","DSTx, HEPA filtration, pocket-sized air device, air ionization"
"https://clarifion.com","Clarifion ODRx","UV-C technology, bad odor combat, air purifier, air ionizer"
"https://cleanomic.com","Earthwash Laundry Detergent Sheets","laundry, detergent, sheets, compostable, reusable"
"https://cleanomic.com","Compostable* Zip Snack Bags","compostable, zip, snack bags, reusable"
"https://cleanomic.com","Reusable kitchen spray","reusable, kitchen, spray"
"https://cleanomic.com","Oxy Laundry Booster Tablets","laundry, booster, tablets"
"https://cleanomic.com","Reusable Kitchen Cloths","reusable, kitchen, cloths"
"https://collarsandco.com","The Original Dress Collar Polo™","Dress Collar Polo, Lightweight polo shirt, English spread collar"
"https://collarsandco.com","Semi-Spread Collar Polo","Semi-Spread Collar Polo, White, Navy, Blue Polka Dot, Blue Houndstooth, Light Blue, Black, Pink, Long Sleeve"
"https://collarsandco.com","Oxford Button Down Collar Polo","Oxford Button Down Collar Polo, White, Light Blue, Navy Blue, Black Gingham"
"https://collarsandco.com","Women's Sleeveless Semi Spread Polo","Women's Sleeveless Semi Spread Polo, White, Black, Pink"
"https://collarsandco.com","Semi-Spread Collar Polo Long Sleeve","Semi-Spread Collar Polo Long Sleeve, Blue Houndstooth, Blue, Black, Sky Blue"
"https://cosmicmonica.com","Tarot Reading","tarot reading, psychic reading, astrology reading"
"https://cosmicmonica.com","Love & Relationships Tarot Reading","love tarot reading, relationship tarot reading, romantic advice"
"https://cosmicmonica.com","Career & Life Direction Tarot Reading","career tarot reading, life direction tarot reading, guidance"
"https://cozybabywear.com","CozyBaby™ Bamboo Zipper Pajama Rompers","bamboo pajamas, zipper pajama rompers"
"https://cozybabywear.com","Woodland Baby Mobile Neutral","woodland baby mobile, neutral, forest animals, bear, deer, fox, bunny"
"https://cozybabywear.com","Safari Nursery Mobile with Rainbow","safari nursery mobile, rainbow, realistic felt, lion, giraffe, zebra, elephant"
"https://cozybabywear.com","Bloom & Blue Bamboo Pajamas","bamboo pajamas, thermo-regulating, double zipper, 4-way stretch"
"https://cozybabywear.com","Unicorn Dreamer Bamboo Pajamas","bamboo pajamas, thermo-regulating, double zipper, 4-way stretch, unicorn"
"https://curtarra.com","Victoria Crushed Velvet Curtains","Velvet, Crushed, Curtains, New Arrival"
"https://curtarra.com","CurtarraGary Linen Look 100% Blackout Curtains","Blackout, Linen, Curtains, 100%"
"https://curtarra.com","CurtarraLesley Linen Blend Curtains","Linen, Blend, Curtains, Ivory, White"
"https://curtarra.com","CurtarraDarcy Micro Pearlescent Look Curtains","Pearlescent, Curtains, Sandy Beige, Navy Blue"
"https://curtarra.com","CurtarraVictoria Royal Crushed Velvet Curtains","Crushed, Velvet, Royal, Sunset Orange"
"https://drinkbrez.com","OG Flow","OG Flow, THC Drink, Cannabis Infused Drink, Tonic"
"https://drinkbrez.com","OG Spirit Shots","OG Spirit Shots, Uplifting Tonic, Cannabis Infused Drink, Shot"
"https://drinkbrez.com","Social Tonics","Social Tonics, Euphoric, Relieving, Inspiring, Alcohol Alternative"
"https://drinkbrez.com","Adaptogen Trio","Adaptogen Trio, Adaptogen, Mushroom, Tonics"
"https://drinkbrez.com","Cannabis Trio","Cannabis Trio, THC Drink, Cannabis Infused Drink, Tonic"
"https://funnyfuzzy.com","One-Piece Cozy Flannel Sofa Protection Non-Slip Couch Cover","Cozy Flannel, Sofa Protection, Non-Slip Couch Cover"
"https://funnyfuzzy.com","Festive Plush Cozy Dog Bed - Christmas Sleigh","Plush, Cozy Dog Bed, Christmas Sleigh"
"https://funnyfuzzy.com","Cozy Corduroy Joint-Friendly Removable Spiral Pet Stairs - CreamyStep","Cozy Corduroy, Joint-Friendly, Spiral Pet Stairs"
"https://funnyfuzzy.com","Large Thick Scratch-resistant Spine Protection Dog Cushion Bed","Scratch-resistant, Spine Protection, Dog Cushion Bed"
"https://funnyfuzzy.com","Large Washable Fluffy Orthopedic Soft Dog Pillow Dog Sofa Bed-Snoozy Dream","Washable, Fluffy, Orthopedic Soft Dog Pillow"
"https://gleefullsupps.com","Over 30 Hormone Support","hormone support, hormones, supplement"
"https://gleefullsupps.com","Meno Shred Fat Burner","fat burner, fat burn, menopause"
"https://gleefullsupps.com","Meno Belly Flusher","belly flusher, gut cleanse, constipation"
"https://gleefullsupps.com","Meno Morning Fat Burner","morning fat burner, fat burn, menopause"
"https://gleefullsupps.com","Meno Belly Night Burn","belly night burn, sleep, menopause"
"https://groundingwell.com","Grounding Mat","grounding mat, earthing product, electrical protection"
"https://groundingwell.com","Grounding Sheet","grounding sheet, earthing product, electrical protection"
"https://groundingwell.com","The Grounding Port","power socket ground port, electrical safety, earth connection"
"https://groundingwell.com","Grounding Well Products","grounding products, earthing products, indoor grounding"
"https://groundingwell.com","Healing Power Beneath Your Feet","barefoot grounding, earth's healing power, electronic balance"
"https://hobbytron.com","Spider-Man IR Remote Control Flying Figure","Spider-Man, IR Remote Control, Flying Figure"
"https://hobbytron.com","1:10 Bugatti Chiron RTR Electric 2.4Ghz RC Car","Bugatti Chiron, RC Car, 2.4Ghz"
"https://hobbytron.com","Spider-Man Tool Bench Playset with Take Apart Car","Spider-Man, Tool Bench, Take Apart Car"
"https://hobbytron.com","Tabletop Air hockey Games","Air hockey, Tabletop"
"https://hobbytron.com","Iron Man RC Flying Figure","Iron Man, RC Flying Figure"
"https://puranutrausa.com","Lace Matte Misty Long Lasting Non-smudge Lipstick","lipstick, matte, misty, long lasting, non-smudge"
"https://puranutrausa.com","Instant Pore Fix Face Primer","face primer, pore fix, instant"
"https://puranutrausa.com","High Pearl Monochrome Eye Shadow","eye shadow, high pearl, monochrome"
"https://puranutrausa.com","Full Coverage Liquid Foundation Concealer","foundation, concealer, liquid"
"https://puranutrausa.com","Double Ended Triangular Head Eyebrow Pencil","eyebrow pencil, double ended, triangular head"
"https://cozytraildel.com","Women's rhinestone pendant pink and purple necklace","women's jewelry, rhinestone pendant, pink, purple, necklace"
"https://cozytraildel.com","Women's Fashionable Zircon Ball Pendant Earrings","women's jewelry, zircon ball pendant, earrings"
"https://cozytraildel.com","Women Butterfly Sweet Lady Ribbon Jewelry","women's jewelry, butterfly, sweet lady, ribbon"
"https://cozytraildel.com","Unisex Summer Starfish Shell Braided Bracelet","unisex jewelry, summer, starfish, shell, braided bracelet"
"https://cozytraildel.com","Simple Green Popcorn Beaded Crystal Bracelet for Women","women's jewelry, green popcorn beaded crystal, bracelet"
"https://etherealing.com","Etherealing Probiotic Supplement","probiotics, health supplement, gut health"
"https://etherealing.com","Etherealing Immune Boost Tonic","immune boost, natural remedy, wellness product"
"https://yeyolento.com","3D Silicone Face Mask Women Skin Care Moisturizing Lifting Firming Anti Wrinkle Reusable Gel Sheet Mask Facial Skin Care Tool","Silicone face mask, gel sheet mask, facial skin care tool, reusable, anti-wrinkle"
"https://yeyolento.com","Solid facial mask Stick Green Tea Honey Peach Cleaning Pore Moisturizing Long Charcoal Eggplant Mud Film","solid facial mask, green tea, honey peach, charcoal, eggplant mud film"
"https://yeyolento.com","Silicone mask cover, ear-mounted fixed mask to moisturize and absorb essence, reusable facial care tool","silicone mask cover, ear-mounted, facial care tool, reusable"
"https://yeyolento.com","NEW High-end 30/50PCS Disposable Compressed Facial Mask Portable Non-woven Face Mask Facial Towel Coin Cotton Wrapped Tissues","disposable facial mask, high-end, portable, non-woven, cotton wrapped"
"https://theearthlingco.com","Zero Plastic Compromise Hair Care Line","hair care, plastic-free, zero waste"
"https://theearthlingco.com","High-Performance Natural Hair Care Products","natural, high-performance, hair care"
"https://theearthlingco.com","Clean Ingredient Personal Care Products","clean ingredients, personal care"
"https://theearthlingco.com","Safe Hair Care Products","safe, hair care"
"https://theearthlingco.com","Eco-Friendly Personal Care Products","eco-friendly, personal care"
"https://truheightvitamins.com","TruHeight® Essentials","essential vitamins, minerals, protein, healthy growth, development"
"https://truheightvitamins.com","TruHeight® Kit","growth supplements, multivitamin, essential nutrients"
"https://truheightvitamins.com","Growth Gummies","children's vitamins, growth support, gummy vitamins"
"https://truheightvitamins.com","Protein Shake","protein shake, kid's nutrition, healthy protein"
"https://truheightvitamins.com","Sleep Gummies","sleep aid, melatonin gummies, sleep support"